iteration	metric_value	delta	delta_pct	status	description	evaluator_source	timestamp
0	2.11	0	0%	baseline	predict(x) = x	python evaluate.py	2026-03-29T00:00:00
1	0.0349	-2.0751	-98.3%	improved	4-freq Fourier (0.8, 1.38, 3.05, 7.0)	python evaluate.py	2026-03-29T00:01:00
2	0.0392	+0.0043	+12.3%	reverted	6-freq Fourier (added 4.3, 5.0) - overfitting	python evaluate.py	2026-03-29T00:02:00
3	0.0368	+0.0019	+5.4%	reverted	Refined 4-freq (0.75, 1.34, 3.04, 7.02)	python evaluate.py	2026-03-29T00:03:00
4	0.0485	+0.0136	+39.0%	reverted	Alt freq set (0.5, 2.96, 6.96, 2.8)	python evaluate.py	2026-03-29T00:04:00
5	0.0349	+0.0000	+0.0%	no_change	Gradient-optimized params	python evaluate.py	2026-03-29T00:05:00
6	-	-	-	analysis	Deep analysis: sin(3x)+cos(7x) hypothesis	-	2026-03-29T00:06:00
7	0.0345	-0.0004	-1.0%	improved	CV-optimized freqs (0.7, 1.38, 3.04, 7.0)	python evaluate.py	2026-03-29T00:07:00
8	0.0372	+0.0027	+7.7%	reverted	Fourier + product terms	python evaluate.py	2026-03-29T00:08:00
9	0.0360	+0.0015	+4.2%	reverted	Alt freq (0.5, 2.0, 3.04, 7.0)	python evaluate.py	2026-03-29T00:09:00
10	0.0366	+0.0021	+6.1%	reverted	LOOCV-optimized (0.5, 1.83, 3.04, 7.01)	python evaluate.py	2026-03-29T00:10:00
11	0.0519	+0.0174	+50.4%	reverted	Quadratic envelope + sin(3x) + cos(7x)	python evaluate.py	2026-03-29T00:11:00
12	0.0359	+0.0014	+3.9%	reverted	Coordinate-descent refined	python evaluate.py	2026-03-29T00:12:00
13	0.0361	+0.0016	+4.7%	reverted	5-freq (added w5=4.3)	python evaluate.py	2026-03-29T00:13:00
14	0.0360	+0.0015	+4.3%	reverted	Rounded/simplified coefficients	python evaluate.py	2026-03-29T00:14:00
15	0.0347	+0.0002	+0.6%	reverted	Ridge regression (lambda=0.02)	python evaluate.py	2026-03-29T00:15:00
16	0.0344	-0.0001	-0.3%	improved	1/sqrt(2), sqrt(2), 3.04, 7.0 frequencies	python evaluate.py	2026-03-29T00:16:00
17	0.0358	+0.0014	+4.0%	reverted	Fine-tuned w3=3.037, w4=7.014	python evaluate.py	2026-03-29T00:17:00
18	0.0355	+0.0011	+3.1%	reverted	w4=7.01 variant	python evaluate.py	2026-03-29T00:18:00
